{
	"bonus-sys": {
		"type": "aquanter",
		"certificate": "./config/point_cert.json",
		"bonus-writeoff": 100,
		"multibonus": false
	},

	"promotions": [
		{
			"id": 0,
			"type": "coefficient",
			"priority": 1,
			"k": 1.2,
			"sumk": 1.1,
			"time": "20:23-06:00",
			"week-days": "every",
			"months": [1, 2, 3, 11, 12]
		},
		{
			"id": 1,
			"type": "coefficient",
			"priority": 2,
			"k": 1.4,
			"sumk": 1.2,
			"time": "every",
			"week-days": [1, 2, 3, 4],
			"months": [1, 2, 3, 11, 12]
		},
		{
			"id": 2,
			"type": "coefficient",
			"priority": 2,
			"k": 1.5,
			"sumk": 1.3,
			"time": "every",
			"week-days": [1],
			"months": [1, 2, 3, 11, 12]
		}
	]
}