{
"spec-effects": {
	"give-money": 2,
	"service": 2
},
	
"effects": [
	{
		"id": 2,
		"delay": 500,
		"repeats": 0,
		"reset":true,
		"instructions":[
			{"set": 1},
			{"set": 2},
			{"set": 3},
			{"set": 4},
			{"set": 10},
			{"set": 11},
			{"set": 12},
			{"set": 13},
			{"set": 14},
			{"set": 15},
			{"set": 16},
			{"set": 17},
			{"set": 18},
			{"set": 19},
			{"set": 20},
			{"set": 21},
			{"set": 22},
			{"set": 23},
			{"set": 24},
			{"set": 25},
			{"reset":[10, 11, 12, 13, 14, 15, 16, 17, 18, 19, 20, 21, 22, 23, 24, 25]},
			{"set":[10, 11, 12, 13, 14, 15, 16, 17, 18, 19, 20, 21, 22, 23, 24, 25]}
		],
		"reset-instructions":[
			{"reset":[1, 2, 3, 4, 10, 11, 12, 13, 14, 15, 16, 17, 18, 19, 20, 21, 22, 23, 24, 25]}
		]
	}
]
}