{
	"general-option": {
		"default-color": 255,
		"default-font": 0,
		"default-cursor": [0, 2],
		"default-mode": "center",
		"encode": "UTF-8",
		"disconnect-frame-timeout": 120,
		"disconnect-bg": 0
	},

	"spec-frames": {
		"logo": 0,
		"give-money": 1,
		"give-money-bonus": 2,
		"error-bonus": 3,
		"error-internal": 4,
		"unknown-card": 5,
		"repair": 6,
		"service": 8
	},

	"frames": [
		{
			"id": 0,
			"font": 1,
			"bg": 1,
			"mode": "center",
			"color": 7,
			"lines": []
		},
		{
			"id": 1,
			"font": 1,
			"bg": "none",
			"mode": "center",
			"color": 7,
			"lines": [
				"ВНЕСИТЕ",
				"ДЕНЬГИ"
			]
		},
		{
			"id": 2,
			"font": 1,
			"bg": "none",
			"mode": "center",
			"color": 5,
			"lines": [
				"$gbonus%",
				"ВНЕСИТЕ",
				"ДЕНЬГИ"
			]
		},
		{
			"id": 3,
			"font": 0,
			"bg": "none",
			"mode": "center",
			"color": 4,
			"lines": [
				"ОШИБКА",
				"БОНУСНОЙ",
				"СИСТЕМЫ"
			]
		},
		{
			"id": 4,
			"font": 0,
			"bg": "none",
			"mode": "center",
			"color": 4,
			"lines": [
				"ОШИБКА",
				"$errort",
				"$errord"
			]
		},
		{
			"id": 5,
			"font": 1,
			"bg": "none",
			"mode": "center",
			"color": 4,
			"lines": [
				"КАРТА   НЕ",
				"НАЙДЕНА"
			]
		},
		{
			"id": 6,
			"font": 1,
			"bg": "none",
			"mode": "center",
			"color": 4,
			"lines": [
				"ТЕХ.",
				"РАБОТЫ"
			]
		},
		{
			"id": 8,
			"font": 1,
			"bg": "none",
			"mode": "center",
			"color": 7,
			"lines": [
				"",
				"СЕРВИС"
			]			
		},
		{
			"id": 10,
			"font": 1,
			"bg": "none",
			"mode": "center",
			"color": 7,
			"lines": [
				"ВЫБЕРИТЕ",
				"ПРОГРАММУ",
				"$money"
			]
		},
		{
			"id": 11,
			"font": 1,
			"bg": "none",
			"mode": "center",
			"color": 7,
			"lines": [
				"ВЫБЕРИТЕ",
				"ПРОГРАММУ",
				"{c5:$money}"
			]
		},
		{
			"id": 12,
			"font": 1,
			"bg": "none",
			"mode": "center",
			"color": 7,
			"lines": [
				"ПАУЗА",
				"$money"
			]
		},
		{
			"id": 13,
			"font": 1,
			"bg": "none",
			"mode": "center",
			"color": 7,
			"lines": [
				"ПАУЗА",
				"{c5:$money}"
			]
		},
		{
			"id": 14,
			"font": 1,
			"bg": "none",
			"mode": "center",
			"color": 7,
			"lines": [
				"",
				"",
				"ВОДА",
				"$money"
			]
		},
		{
			"id": 15,
			"font": 1,
			"bg": "none",
			"mode": "center",
			"color": 7,
			"lines": [
				"",
				"",
				"ВОДА",
				"{c5:$money}"
			]
		},
		{
			"id": 16,
			"font": 1,
			"bg": "none",
			"mode": "center",
			"color": 7,
			"lines": [
				"ПЕНА",
				"$money"
			]
		},
		{
			"id": 17,
			"font": 1,
			"bg": "none",
			"mode": "center",
			"color": 7,
			"lines": [
				"ПЕНА",
				"{c5:$money}"
			]
		},
		{
			"id": 101,
			"font": 1,
			"bg": "none",
			"mode": "center",
			"color": 7,
			"lines": [
				"СЕРВИС",
				"ВОДА"
			]
		},
		{
			"id": 102,
			"font": 1,
			"bg": "none",
			"mode": "center",
			"color": 7,
			"lines": [
				"СЕРВИС",
				"ПЫЕСОС"
			]
		}
	],

	"backgrounds": [
		{
			"id": 0,
			"name": "1.bmp"
		},
		{
			"id": 1,
			"name": "logo.bmp"
		}

	],

	"fonts": [
		{"id": 0, "name": "micro.json", "index": "micro"},
		{"id": 1, "name": "macro.json", "index": "macro"}
	]
}