{
	"buttons": {
		"extboard": {
			"active-levels": 0,
			"used-mask": 3
		},
		"modules": [
			{"address": 32, "active-levels": 0, "io-mask": 239},
			{"address": 33, "active-levels": 0, "io-mask": 239},
			{"address": 34, "active-levels": 0, "io-mask": 239},
			{"address": 35, "active-levels": 0, "io-mask": 239},
			{"address": 36, "active-levels": 0, "io-mask": 239},
			{"address": 37, "active-levels": 0, "io-mask": 239}
		]
	},

	"ext-board": {
		"driver": "/dev/spidev1.1",
		"int-pin": 2,
		"cs-pin": 15,
		"nrst-pin": 16,
		"speed": 22000
	},

	"performing-units": [
		{"address": 48, "normal-states": 0, "dependencies": [0, 0, 0, 0, 0, 0]},
		{"address": 51, "normal-states": 0, "dependencies": [0, 0, 0, 0, 0, 0]}
	],

	"releive-instructions": [
		{"set": [48, 62]},
		{"delay": 5500},
		{"set": [48, 0]},
		{"delay": 1000}
	],

	"display": {
		"type": "ledmatrix",
		"address": 64,
		"dir-pin": 6,
		"driver": "/dev/ttyS5",
		"baud-rate": 9600,
		"handler-delay": 10000,
		"redraw-borehole": 500
	},

	"range-finder": {
		"closer-range": 40
	},

	"temp-sens": [
		{"address": 123},
		{"address": 123}
	],

	"payment": {
		"cash": {
			"mode": "counter",
			"rate": 10,
			"bill-codes": [
				[2, 50],
				[3, 100],
				[4, 200],
				[5, 500],
				[6, 1000]
			]
		},
		"coin": {
			"mode": "counter",
			"rate": 1
		},
		"terminal": {
			"mode": "counter",
			"rate": 10
		}
	},

	"qr-scaner": {
		"enable": false,
		"width": 800,
		"height": 640,
		"focus": 620,
		"bright": -20,
		"contrast": 63,
		"expos": 100,

		"driver": "/dev/video0",
		"read-delay": 2000
	},

	"leds": [
		{"id": 1, "type": "bm", "address": 32, "index": 2},
		{"id": 2, "type": "bm", "address": 32, "index": 3},
		{"id": 3, "type": "bm", "address": 33, "index": 2},
		{"id": 4, "type": "bm", "address": 33, "index": 3},
		{"id": 10, "type": "lp", "index": 0},
		{"id": 11, "type": "lp", "index": 1},
		{"id": 12, "type": "lp", "index": 2},
		{"id": 13, "type": "lp", "index": 3},
		{"id": 14, "type": "lp", "index": 4},
		{"id": 15, "type": "lp", "index": 5},
		{"id": 16, "type": "lp", "index": 6},
		{"id": 17, "type": "lp", "index": 7},
		{"id": 18, "type": "lp", "index": 8},
		{"id": 19, "type": "lp", "index": 9},
		{"id": 20, "type": "lp", "index": 10},
		{"id": 21, "type": "lp", "index": 11},
		{"id": 22, "type": "lp", "index": 12},
		{"id": 23, "type": "lp", "index": 13},
		{"id": 24, "type": "lp", "index": 14},
		{"id": 25, "type": "lp", "index": 15}
	]
}