{
	"version": 1,
	"macro":
	{
		"symbols":
		[
			{
				"name": "%",
				"bitmap": [
					"........",
					".@@...@.",
					"@..@.@..",
					"@..@@@@.",
					".@@@@..@",
					"..@.@..@",
					".@...@@.",
					"@.......",
					"........",
					"........"
				]
			},
			{
				"name": " ",
				"bitmap": [
					".",
					".",
					".",
					".",
					".",
					".",
					".",
					".",
					".",
					"."
				]
			},
			{
				"name": ".",
				"bitmap": [
					".",
					".",
					".",
					".",
					".",
					".",
					".",
					".",
					".",
					"@"
				]
			},
			{
				"name":"0",
				"bitmap":
				[
					".@@@@..",
					"@@..@@.",
					"@@..@@.",
					"@@..@@.",
					"@@..@@.",
					"@@..@@.",
					"@@..@@.",
					"@@..@@.",
					"@@..@@.",
					".@@@@.."
				]
			},
			{
				"name":"1",
				"bitmap":
				[
					"..@@..",
					".@@@..",
					"@@@@..",
					"@.@@..",
					"..@@..",
					"..@@..",
					"..@@..",
					"..@@..",
					"..@@..",
					".@@@@."
				]
			},
			{
				"name":"2",
				"bitmap":
				[
					".@@@@..",
					"@@@@@@.",
					"@@..@@.",
					"....@@.",
					"....@@.",
					"...@@..",
					"..@@...",
					".@@....",
					"@@@@@@.",
					"@@@@@@."
				]
			},
			{
				"name":"3",
				"bitmap":
				[
					".@@@@..",
					"@@@@@@.",
					"....@@.",
					"....@@.",
					"..@@@@.",
					"..@@@..",
					"....@@.",
					"....@@.",
					"@@@@@@.",
					".@@@@.."
				]
			},
			{
				"name":"4",
				"bitmap":
				[
					"@@..@@.",
					"@@..@@.",
					"@@..@@.",
					"@@..@@.",
					"@@@@@@.",
					"@@@@@@.",
					"....@@.",
					"....@@.",
					"....@@.",
					"....@@."
				]
			},
			{
				"name":"5",
				"bitmap":
				[
					"@@@@@@.",
					"@@@@@@.",
					"@@.....",
					"@@.....",
					"@@@@@..",
					"@@@@@@.",
					"....@@.",
					"....@@.",
					"@@@@@@.",
					"@@@@@.."
				]
			},
			{
				"name":"6",
				"bitmap":
				[
					".@@@@..",
					"@@@@@@.",
					"@@.....",
					"@@.....",
					"@@@@@..",
					"@@@@@@.",
					"@@..@@.",
					"@@..@@.",
					"@@@@@@.",
					".@@@@.."
				]
			},
			{
				"name":"7",
				"bitmap":
				[
					"@@@@@@.",
					"@@@@@@.",
					"....@@.",
					"....@@.",
					"...@@.",
					"..@@...",
					"..@@...",
					"..@@...",
					"..@@...",
					"..@@..."
				]
			},
			{
				"name":"8",
				"bitmap":
				[
					".@@@@..",
					"@@@@@@.",
					"@@..@@.",
					"@@..@@.",
					".@@@@..",
					"@@@@@@.",
					"@@..@@.",
					"@@..@@.",
					"@@@@@@.",
					".@@@@.."
				]
			},
			{
				"name":"9",
				"bitmap":
				[
					".@@@@..",
					"@@@@@@.",
					"@@..@@.",
					"@@..@@.",
					"@@@@@@.",
					".@@@@@.",
					"....@@.",
					"....@@.",
					"@@@@@@.",
					".@@@@.."
				]
			},
			{
				"name":"A",
				"bitmap":
				[
					"..@@...",
					".@@@@..",
					"@@..@@.",
					"@@..@@.",
					"@@..@@.",
					"@@@@@@.",
					"@@@@@@.",
					"@@..@@.",
					"@@..@@.",
					"@@..@@."
				]
			},
			{
				"name":"B",
				"bitmap":
				[
					"@@@@@..",
					"@@@@@@.",
					"@@..@@.",
					"@@..@@.",
					"@@@@@..",
					"@@@@@..",
					"@@..@@.",
					"@@..@@.",
					"@@@@@@.",
					"@@@@@.."
				]
			},
			{
				"name":"C",
				"bitmap":
				[
					".@@@@..",
					"@@@@@@.",
					"@@..@@.",
					"@@.....",
					"@@.....",
					"@@.....",
					"@@.....",
					"@@..@@.",
					"@@@@@@.",
					".@@@@.."
				]
			},
			{
				"name":"D",
				"bitmap":
				[
					"@@@@@..",
					"@@@@@@.",
					"@@..@@.",
					"@@..@@.",
					"@@..@@.",
					"@@..@@.",
					"@@..@@.",
					"@@..@@.",
					"@@@@@@.",
					"@@@@@.."
				]
			},
			{
				"name":"E",
				"bitmap":
				[
					"@@@@@@.",
					"@@@@@@.",
					"@@.....",
					"@@.....",
					"@@@@@..",
					"@@@@@..",
					"@@.....",
					"@@.....",
					"@@@@@@.",
					"@@@@@@."
				]
			},
			{
				"name":"F",
				"bitmap":
				[
					"@@@@@@.",
					"@@@@@@.",
					"@@.....",
					"@@.....",
					"@@@@@..",
					"@@@@@..",
					"@@.....",
					"@@.....",
					"@@.....",
					"@@....."
				]
			},
			{
				"name":"G",
				"bitmap":
				[
					".@@@@..",
					"@@@@@@.",
					"@@.....",
					"@@.....",
					"@@.....",
					"@@.....",
					"@@.@@@.",
					"@@..@@.",
					"@@@@@@.",
					".@@@@@."
				]
			},
			{
				"name":"H",
				"bitmap":
				[
					"@@..@@.",
					"@@..@@.",
					"@@..@@.",
					"@@..@@.",
					"@@@@@@.",
					"@@@@@@.",
					"@@..@@.",
					"@@..@@.",
					"@@..@@.",
					"@@..@@."
				]
			},
			{
				"name":"i",
				"bitmap":
				[
					".@.",
					"...",
					".@.",
					".@.",
					".@.",
					".@.",
					".@.",
					".@."
				]
			},
			{
				"name":"I",
				"bitmap":
				[
					"@@@@.",
					".@@..",
					".@@..",
					".@@..",
					".@@..",
					".@@..",
					".@@..",
					".@@..",
					".@@..",
					"@@@@."
				]
			},
			{
				"name":"J",
				"bitmap":
				[
					".@@@@@.",
					".@@@@@.",
					"...@@..",
					"...@@..",
					"...@@..",
					"...@@..",
					"...@@..",
					"@@.@@..",
					"@@@@@..",
					".@@@..."
				]
			},
			{
				"name":"K",
				"bitmap":
				[
					"@@..@@.",
					"@@..@@.",
					"@@..@@.",
					"@@.@@..",
					"@@@@...",
					"@@@@@..",
					"@@.@@@.",
					"@@..@@.",
					"@@..@@.",
					"@@..@@."
				]
			},
			{
				"name":"L",
				"bitmap":
				[
					"@@....",
					"@@....",
					"@@....",
					"@@....",
					"@@....",
					"@@....",
					"@@....",
					"@@....",
					"@@@@@.",
					"@@@@@."
				]
			},
			{
				"name":"M",
				"bitmap":
				[
					"@.....@.",
					"@@...@@.",
					"@@...@@.",
					"@@@.@@@.",
					"@@@@@@@.",
					"@@.@.@@.",
					"@@...@@.",
					"@@...@@.",
					"@@...@@.",
					"@@...@@."
				]
			},
			{
				"name":"N",
				"bitmap":
				[
					"@@..@@.",
					"@@..@@.",
					"@@@.@@.",
					"@@@.@@.",
					"@@@@@@.",
					"@@@@@@.",
					"@@.@@@.",
					"@@.@@@.",
					"@@..@@.",
					"@@..@@."
				]
			},
			{
				"name":"O",
				"bitmap":
				[
					".@@@@..",
					"@@@@@@.",
					"@@..@@.",
					"@@..@@.",
					"@@..@@.",
					"@@..@@.",
					"@@..@@.",
					"@@..@@.",
					"@@@@@@.",
					".@@@@.."
				]
			},
			{
				"name":"P",
				"bitmap":
				[
					"@@@@@..",
					"@@@@@@.",
					"@@..@@.",
					"@@..@@.",
					"@@@@@@.",
					"@@@@@..",
					"@@.....",
					"@@.....",
					"@@.....",
					"@@....."
				]
			},
			{
				"name":"Q",
				"bitmap":
				[
					".@@@...",
					"@@@@@..",
					"@@.@@..",
					"@@.@@..",
					"@@.@@..",
					"@@.@@..",
					"@@.@@..",
					"@@@@@..",
					".@@@@@.",
					"....@@."
				]
			},
			{
				"name":"R",
				"bitmap":
				[
					"@@@@@..",
					"@@@@@@.",
					"@@..@@.",
					"@@..@@.",
					"@@@@@@.",
					"@@@@@..",
					"@@.@@..",
					"@@.@@..",
					"@@..@@.",
					"@@..@@."
				]
			},
			{
				"name":"S",
				"bitmap":
				[
					".@@@@..",
					"@@@@@@.",
					"@@.....",
					"@@.....",
					"@@@@@..",
					".@@@@@.",
					"....@@.",
					"....@@.",
					"@@@@@@.",
					".@@@@.."
				]
			},
			{
				"name":"T",
				"bitmap":
				[
					"@@@@@@.",
					"@@@@@@.",
					"..@@...",
					"..@@...",
					"..@@...",
					"..@@...",
					"..@@...",
					"..@@...",
					"..@@...",
					"..@@..."
				]
			},
			{
				"name":"U",
				"bitmap":
				[
					"@@..@@.",
					"@@..@@.",
					"@@..@@.",
					"@@..@@.",
					"@@..@@.",
					"@@..@@.",
					"@@..@@.",
					"@@..@@.",
					"@@@@@@.",
					".@@@@.."
				]
			},
			{
				"name":"V",
				"bitmap":
				[
					"@@...@@.",
					"@@...@@.",
					"@@...@@.",
					"@@...@@.",
					"@@...@@.",
					"@@...@@.",
					"@@...@@.",
					".@@.@@..",
					"..@@@...",
					"...@...."
				]
			},
			{
				"name":"W",
				"bitmap":
				[
					"@@....@@.",
					"@@....@@.",
					"@@....@@.",
					"@@....@@.",
					"@@....@@.",
					"@@.@@.@@.",
					"@@.@@.@@.",
					"@@.@@.@@.",
					".@@@@@@..",
					".@@..@@.."
				]
			},
			{
				"name":"X",
				"bitmap":
				[
					"@@..@@.",
					"@@..@@.",
					"@@..@@.",
					".@@@@..",
					"..@@...",
					".@@@@..",
					"@@..@@.",
					"@@..@@.",
					"@@..@@.",
					"@@..@@."
				]
			},
			{
				"name":"Y",
				"bitmap":
				[
					"@@..@@.",
					"@@..@@.",
					"@@..@@.",
					"@@..@@.",
					"@@@@@@.",
					".@@@@..",
					"..@@...",
					"..@@...",
					"..@@...",
					"..@@..."
				]
			},
			{
				"name":"Z",
				"bitmap":
				[
					"@@@@@@.",
					"@@@@@@.",
					"....@@.",
					"...@@..",
					"..@@...",
					"..@@...",
					".@@....",
					"@@.....",
					"@@@@@@.",
					"@@@@@@."
				]
			},
			{
				"name":"А",
				"bitmap":
				[
					"..@@...",
					".@@@@..",
					"@@..@@.",
					"@@..@@.",
					"@@..@@.",
					"@@@@@@.",
					"@@@@@@.",
					"@@..@@.",
					"@@..@@.",
					"@@..@@."
				]
			},
			{
				"name":"б",
				"bitmap":
				[
					".......",
					"....@@.",
					"..@@@@.",
					".@@....",
					"@@.....",
					"@@@@@..",
					"@@@@@@.",
					"@@..@@.",
					"@@@@@@.",
					".@@@@.."
				]
			},
			{
				"name":"Б",
				"bitmap":
				[
					"@@@@@@.",
					"@@@@@@.",
					"@@.....",
					"@@.....",
					"@@@@@..",
					"@@@@@@.",
					"@@..@@.",
					"@@..@@.",
					"@@@@@@.",
					".@@@@.."
				]
			},
			{
				"name":"в",
				"bitmap":
				[
					"@@@@..",
					"@@@@@.",
					"@@.@@.",
					"@@@@..",
					"@@.@@.",
					"@@@@@.",
					"@@@@.."
				]
			},
			{
				"name":"В",
				"bitmap":
				[
					"@@@@@..",
					"@@@@@@.",
					"@@..@@.",
					"@@..@@.",
					"@@@@@..",
					"@@@@@..",
					"@@..@@.",
					"@@..@@.",
					"@@@@@@.",
					"@@@@@.."
				]
			},
			{
				"name":"Г",
				"bitmap":
				[
					"@@@@@@.",
					"@@@@@@.",
					"@@.....",
					"@@.....",
					"@@.....",
					"@@.....",
					"@@.....",
					"@@.....",
					"@@.....",
					"@@....."
				]
			},
			{
				"name":"Д",
				"bitmap":
				[
					"...@....",
					"..@@@...",
					".@@.@@..",
					".@@.@@..",
					".@@.@@..",
					".@@.@@..",
					"@@@@@@@.",
					"@@@@@@@.",
					"@@...@@.",
					"@@...@@."
				]
			},
			{
				"name":"Е",
				"bitmap":
				[
					"@@@@@@.",
					"@@@@@@.",
					"@@.....",
					"@@.....",
					"@@@@@..",
					"@@@@@..",
					"@@.....",
					"@@.....",
					"@@@@@@.",
					"@@@@@@."
				]
			},
			{
				"name":"Ё",
				"bitmap":
				[
					"@@..@@.",
					"@@@@@@.",
					"@@@@@@.",
					"@@.....",
					"@@@@@..",
					"@@@@@..",
					"@@.....",
					"@@.....",
					"@@@@@@.",
					"@@@@@@."
				]
			},
			{
				"name":"Ж",
				"bitmap":
				[
					"@@.@@.@@.",
					"@@.@@.@@.",
					".@.@@.@..",
					"..@@@@...",
					"..@@@@...",
					".@@@@@@..",
					"@@.@@.@@.",
					"@@.@@.@@.",
					"@@.@@.@@.",
					"@@.@@.@@."
				]
			},
			{
				"name":"З",
				"bitmap":
				[
					".@@@@..",
					"@@@@@@.",
					"....@@.",
					"....@@.",
					".@@@@@.",
					".@@@@..",
					"....@@.",
					"....@@.",
					"@@@@@@.",
					".@@@@.."
				]
			},
			{
				"name":"И",
				"bitmap":
				[
					"@@..@@.",
					"@@..@@.",
					"@@..@@.",
					"@@.@@@.",
					"@@.@@@.",
					"@@@@@@.",
					"@@@.@@.",
					"@@@.@@.",
					"@@..@@.",
					"@@..@@."
				]
			},
			{
				"name":"Й",
				"bitmap":
				[
					"..@@...",
					".......",
					"@@..@@.",
					"@@..@@.",
					"@@.@@@.",
					"@@.@@@.",
					"@@@@@@.",
					"@@@.@@.",
					"@@@.@@.",
					"@@..@@."
				]
			},
			{
				"name":"К",
				"bitmap":
				[
					"@@..@@.",
					"@@.@@..",
					"@@.@@..",
					"@@@@...",
					"@@@....",
					"@@@@...",
					"@@.@@..",
					"@@.@@..",
					"@@..@@.",
					"@@..@@."
				]
			},
			{
				"name":"Л",
				"bitmap":
				[
					"...@@..",
					"..@@@@.",
					".@@.@@.",
					".@@.@@.",
					".@@.@@.",
					".@@.@@.",
					".@@.@@.",
					".@@.@@.",
					"@@@.@@.",
					"@@@.@@."
				]
			},
			{
				"name":"М",
				"bitmap":
				[
					"@.....@.",
					"@@...@@.",
					"@@@.@@@.",
					"@@@.@@@.",
					"@@@@@@@.",
					"@@.@.@@.",
					"@@...@@.",
					"@@...@@.",
					"@@...@@.",
					"@@...@@."
				]
			},
			{
				"name":"Н",
				"bitmap":
				[
					"@@..@@.",
					"@@..@@.",
					"@@..@@.",
					"@@..@@.",
					"@@@@@@.",
					"@@@@@@.",
					"@@..@@.",
					"@@..@@.",
					"@@..@@.",
					"@@..@@."
				]
			},
			{
				"name":"О",
				"bitmap":
				[
					".@@@@..",
					"@@@@@@.",
					"@@..@@.",
					"@@..@@.",
					"@@..@@.",
					"@@..@@.",
					"@@..@@.",
					"@@..@@.",
					"@@@@@@.",
					".@@@@.."
				]
			},
			{
				"name":"П",
				"bitmap":
				[
					"@@@@@@.",
					"@@@@@@.",
					"@@..@@.",
					"@@..@@.",
					"@@..@@.",
					"@@..@@.",
					"@@..@@.",
					"@@..@@.",
					"@@..@@.",
					"@@..@@."
				]
			},
			{
				"name":"Р",
				"bitmap":
				[
					"@@@@@..",
					"@@@@@@.",
					"@@..@@.",
					"@@..@@.",
					"@@@@@@.",
					"@@@@@..",
					"@@.....",
					"@@.....",
					"@@.....",
					"@@....."
				]
			},
			{
				"name":"С",
				"bitmap":
				[
					".@@@@..",
					"@@@@@@.",
					"@@..@@.",
					"@@.....",
					"@@.....",
					"@@.....",
					"@@.....",
					"@@..@@.",
					"@@@@@@.",
					".@@@@.."
				]
			},
			{
				"name":"Т",
				"bitmap":
				[
					"@@@@@@.",
					"@@@@@@.",
					"..@@...",
					"..@@...",
					"..@@...",
					"..@@...",
					"..@@...",
					"..@@...",
					"..@@...",
					"..@@..."
				]
			},
			{
				"name":"У",
				"bitmap":
				[
					"@@..@@.",
					"@@..@@.",
					".@@.@@.",
					"..@@@@.",
					"...@@@.",
					"....@@.",
					"....@@.",
					"...@@..",
					"@@@@...",
					"@@@...."
				]
			},
			{
				"name":"Ф",
				"bitmap":
				[
					".@@@@@@..",
					"@@@@@@@@.",
					"@@.@@.@@.",
					"@@.@@.@@.",
					"@@@@@@@@.",
					".@@@@@@..",
					"...@@....",
					"...@@....",
					"...@@....",
					"...@@...."
				]
			},
			{
				"name":"Х",
				"bitmap":
				[
					"@@..@@.",
					"@@..@@.",
					"@@..@@.",
					".@@@@..",
					"..@@...",
					".@@@@..",
					"@@..@@.",
					"@@..@@.",
					"@@..@@.",
					"@@..@@."
				]
			},
			{
				"name":"Ц",
				"bitmap":
				[
					"@@.@@..",
					"@@.@@..",
					"@@.@@..",
					"@@.@@..",
					"@@.@@..",
					"@@.@@..",
					"@@.@@..",
					"@@@@@@.",
					".@@@@@.",
					"....@@."
				]
			},
			{
				"name":"Ч",
				"bitmap":
				[
					"@@..@@.",
					"@@..@@.",
					"@@..@@.",
					"@@..@@.",
					".@@@@@.",
					"..@@@@.",
					"....@@.",
					"....@@.",
					"....@@.",
					"....@@."
				]
			},
			{
				"name":"Ш",
				"bitmap":
				[
					"@@.@@.@@.",
					"@@.@@.@@.",
					"@@.@@.@@.",
					"@@.@@.@@.",
					"@@.@@.@@.",
					"@@.@@.@@.",
					"@@.@@.@@.",
					"@@.@@.@@.",
					"@@@@@@@@.",
					"@@@@@@@@."
				]
			},
			{
				"name":"Щ",
				"bitmap":
				[
					"@@.@@.@@.",
					"@@.@@.@@.",
					"@@.@@.@@.",
					"@@.@@.@@.",
					"@@.@@.@@.",
					"@@.@@.@@.",
					"@@.@@.@@.",
					"@@@@@@@@@",
					"@@@@@@@@@",
					".......@@"
				]
			},
			{
				"name":"Ъ",
				"bitmap":
				[
					"@@@....",
					"@@@....",
					".@@....",
					".@@@@..",
					".@@@@@.",
					".@@.@@.",
					".@@@@@.",
					".@@@@.."
				]
			},
            {
				"name":"Ъ",
				"bitmap":
				[
					"@@@.....",
					"@@@.....",
					".@@.....",
					".@@.....",
					".@@@@...",
					".@@@@@..",
					".@@..@@.",
					".@@..@@.",
					".@@@@@@.",
					".@@@@@.."
				]
			},
			{
				"name":"ы",
				"bitmap":
				[
					"@@....@.",
					"@@....@.",
					"@@....@.",
					"@@@@..@.",
					"@@@@@.@.",
					"@@.@@.@.",
					"@@@@@.@.",
					"@@@@..@."
				]
			},
			{
				"name":"Ы",
				"bitmap":
				[
					"@@...@@.",
					"@@...@@.",
					"@@...@@.",
					"@@...@@.",
					"@@@..@@.",
					"@@@@.@@.",
					"@@.@@@@.",
					"@@.@@@@.",
					"@@@@@@@.",
					"@@@@.@@."
				]
			},
			{
				"name":"ь",
				"bitmap":
				[
					"@@....",
					"@@....",
					"@@....",
					"@@@@..",
					"@@@@@.",
					"@@.@@.",
					"@@@@@.",
					"@@@@.."
				]
			},
			{
				"name":"Ь",
				"bitmap":
				[
					"@@.....",
					"@@.....",
					"@@.....",
					"@@.....",
					"@@@@...",
					"@@@@@..",
					"@@..@@.",
					"@@..@@.",
					"@@@@@@.",
					"@@@@@.."
				]
			},
			{
				"name":"Э",
				"bitmap":
				[
					".@@@...",
					"@@@@@..",
					"....@@.",
					"....@@.",
					"..@@@@..",
					"..@@@@.",
					"....@@.",
					"....@@.",
					"@@@@@..",
					".@@@..."
				]
			},
			{
				"name":"Ю",
				"bitmap":
				[
					"@@..@@@..",
					"@@.@@@@@.",
					"@@.@@.@@.",
					"@@.@@.@@.",
					"@@@@@.@@.",
					"@@@@@.@@.",
					"@@.@@.@@.",
					"@@.@@.@@.",
					"@@.@@@@@.",
					"@@..@@@.."
				]
			},
			{
				"name":"Я",
				"bitmap":
				[
					".@@@@@.",
					"@@@@@@.",
					"@@..@@.",
					"@@..@@.",
					".@@@@@.",
					"..@@@@.",
					".@@.@@.",
					"@@..@@.",
					"@@..@@.",
					"@@..@@."
				]
			}
		]
	}
}
